{
  "1d": {
    "baseline_l2": 0.0032680979929864407,
    "disp_l2": 0.0026422805385664105,
    "gate_final": 0.2479623407125473,
    "gate_sparsity": 75.20376592874527,
    "l2_improvement": 19.149286703246865,
    "time_baseline": 137.33609533309937,
    "time_disp": 223.24471378326416,
    "epochs": 5000
  },
  "2d": {
    "baseline_l2": 0.03303534537553787,
    "disp_l2": 0.01665329746901989,
    "gate_final": 0.28840067982673645,
    "gate_sparsity": 71.15993201732635,
    "l2_improvement": 49.5894555370643,
    "time_baseline": 174.15968084335327,
    "time_disp": 429.7458357810974,
    "epochs": 5000
  }
}