{
  "1d": {
    "baseline_l2": 24345.892578125,
    "disp_l2": 13729.5185546875,
    "gate_final": 0.239324688911438,
    "gate_sparsity": 76.0675311088562,
    "l2_improvement": 43.60642761143375,
    "time_baseline": 145.06042575836182,
    "time_disp": 335.9394636154175,
    "epochs": 6000
  },
  "2d": {
    "baseline_l2": 0.026820413768291473,
    "disp_l2": 0.011345001868903637,
    "gate_final": 0.28953367471694946,
    "gate_sparsity": 71.04663252830505,
    "l2_improvement": 57.70012361883728,
    "time_baseline": 164.26548409461975,
    "time_disp": 477.47297501564026,
    "epochs": 5000
  }
}